date_observed,search_term,store,product_title,product_url,package_size_text,package_size,package_unit,displayed_price,unit_price_text,listed_unit_price,listed_unit,is_variable_weight,sale_status,sale_price,regular_price,multi_buy_quantity,multi_buy_unit_price,single_item_price,category,product_family,comparison_group,product_form,attributes,standardized_unit,price_per_standard_unit,data_quality_warning,normalization_error,displayed_price_text,regular_price_text,regular_price_unit
2026-09-20,chicken breast,Metro Canada,"Boneless and Skinless Chicken Breasts, Value Pack",https://www.metro.ca/en/online-grocery/aisles/meat-poultry/chicken-turkey/breasts/boneless-and-skinless-chicken-breasts/p/206022,5 breasts per tray,,,12.58,$11.00 / kg $4.99 / lb.,11.0,kg,True,sale,12.58,20.92,,,,meat,chicken_breast,chicken_breast_boneless,whole,boneless|skinless,100g,1.0999999999999999,,,$12.58 avg. ea.,Regular price $20.92 / kg $9.49 / lb.,kg
2026-09-20,chicken breast,Metro Canada,"Boneless, Skinless Chicken Breasts, Prime",https://www.metro.ca/en/online-grocery/aisles/meat-poultry/chicken-turkey/breasts/boneless-skinless-chicken-breasts/p/244963,4 per tray,,,11.32,$13.21 / kg $5.99 / lb.,13.21,kg,True,sale,11.32,27.09,,,,meat,chicken_breast,chicken_breast_boneless,whole,boneless|skinless,100g,1.3210000000000002,,,$11.32 avg. ea.,Regular price $27.09 / kg $12.29 / lb.,kg
2026-09-20,chicken breast,Metro Canada,"Boneless Trimmed Chicken Breasts, Value Pack",https://www.metro.ca/en/online-grocery/aisles/value-pack/fresh-market/meat-deli-fish/boneless-trimmed-chicken-breasts/p/213217,4 per tray,,,13.21,$13.21 / kg $5.99 / lb.,13.21,kg,True,sale,13.21,22.02,,,,meat,chicken_breast,chicken_breast_boneless,whole,boneless,100g,1.3210000000000002,,,$13.21 avg. ea.,Regular price $22.02 / kg $9.99 / lb.,kg
2026-09-20,chicken breast,Metro Canada,Chicken Breast Fillet,https://www.metro.ca/en/online-grocery/aisles/meat-poultry/chicken-turkey/breasts/chicken-breast-fillet/p/215586,,,,4.61,$15.41 / kg $6.99 / lb.,15.41,kg,True,sale,4.61,24.23,,,,meat,chicken_breast,chicken_breast,fillet,,100g,1.541,,,$4.61 avg. ea.,Regular price $24.23 / kg $10.99 / lb.,kg
2026-09-20,chicken breast,Metro Canada,Oven Roasted Chicken Breast Strips,https://www.metro.ca/en/online-grocery/aisles/deli-prepared-meals/deli-meats/turkey-chicken/oven-roasted-chicken-breast-strips/p/063100499310,250 g,250.0,g,8.99,$3.60 /100 g,3.6,100g,False,sale,8.99,9.99,,,,unknown,unknown,unsupported,unknown,,100g,3.596,,,$8.99 ea.,Regular price $9.99 ea.,
2026-09-20,chicken breast,Metro Canada,"Boneless, Skinless Chicken Breasts",https://www.metro.ca/en/online-grocery/aisles/meat-poultry/chicken-turkey/breasts/boneless-skinless-chicken-breasts/p/244931,2 per tray,,,14.1,$29.74 / kg $13.49 / lb.,29.74,kg,True,,,,,,,meat,chicken_breast,chicken_breast_boneless,whole,boneless|skinless,100g,2.9739999999999998,,,$14.10 avg. ea.,,
2026-09-20,chicken breast,Metro Canada,Skinless Chicken Breast Without Back,https://www.metro.ca/en/online-grocery/aisles/meat-poultry/chicken-turkey/breasts/skinless-chicken-breast-without-back/p/206152,1 per tray,,,11.45,$17.61 / kg $7.99 / lb.,17.61,kg,True,,,,,,,meat,chicken_breast,chicken_breast,whole,skinless,100g,1.7610000000000001,,,$11.45 avg. ea.,,
2026-09-20,chicken breast,Metro Canada,Boneless Skinless Chicken Breast,https://www.metro.ca/en/online-grocery/aisles/meat-poultry/chicken-turkey/breasts/boneless-skinless-chicken-breast/p/245641,2 per tray,,,10.13,$22.02 / kg $9.99 / lb.,22.02,kg,True,,,,,,,meat,chicken_breast,chicken_breast_boneless,whole,boneless|skinless,100g,2.202,,,$10.13 avg. ea.,,
2026-09-20,chicken breast,Metro Canada,Chicken Breast Without Back,https://www.metro.ca/en/online-grocery/aisles/meat-poultry/chicken-turkey/breasts/chicken-breast-without-back/p/206009,3 to 4 units per tray,,,15.41,$15.41 / kg $6.99 / lb.,15.41,kg,True,,,,,,,meat,chicken_breast,chicken_breast,whole,,100g,1.541,,,$15.41 avg. ea.,,
2026-09-20,chicken breast,Metro Canada,Boneless Skinless Chicken Breast Fillets,https://www.metro.ca/en/online-grocery/aisles/meat-poultry/chicken-turkey/breasts/boneless-skinless-chicken-breast-fillets/p/244945,,,,14.99,$34.15 / kg $15.49 / lb.,34.15,kg,True,,,,,,,meat,chicken_breast,chicken_breast_boneless,fillet,boneless|skinless,100g,3.415,,,$14.99 avg. ea.,,
2026-09-20,chicken breast,Metro Canada,Bone-in Chicken Breasts,https://www.metro.ca/en/online-grocery/aisles/meat-poultry/chicken-turkey/breasts/bone-in-chicken-breasts/p/245113,3 per tray,,,18.16,$16.51 / kg $7.49 / lb.,16.51,kg,True,,,,,,,meat,chicken_breast,chicken_breast_bone_in,whole,bone_in,100g,1.651,,,$18.16 avg. ea.,,
2026-09-20,chicken breast,Metro Canada,Cajun Chicken Breast Roast,https://www.metro.ca/en/online-grocery/aisles/meat-poultry/chicken-turkey/whole-roasting/cajun-chicken-breast-roast/p/221516,,,,2.99,$29.90 / kg $13.56 / lb.,29.9,kg,True,sale,2.99,44.9,,,,unknown,unknown,unsupported,unknown,,100g,2.9899999999999998,,,$2.99 / 100 g,Regular price $44.90 / kg $20.37 / lb.,kg
2026-09-20,eggs,Metro Canada,Large Eggs,https://www.metro.ca/en/online-grocery/aisles/dairy-eggs/eggs/whole-eggs/large-eggs/p/059749896078,18 un,18.0,count,5.99,$0.33 / un.,0.33,1unit,False,,,,,,,dairy,eggs,large_eggs,shell,,1unit,0.3327777777777778,,,$5.99 ea.,,
2026-09-20,eggs,Metro Canada,Large Eggs,https://www.metro.ca/en/online-grocery/aisles/dairy-eggs/eggs/whole-eggs/large-eggs/p/059749896054,12 un,12.0,count,3.99,$0.33 / un.,0.33,1unit,False,,,,,,,dairy,eggs,large_eggs,shell,,1unit,0.3325,,,$3.99 ea.,,
2026-09-20,eggs,Metro Canada,"Large Eggs, Value Pack",https://www.metro.ca/en/online-grocery/aisles/dairy-eggs/eggs/whole-eggs/large-eggs/p/059749976879,30 un,30.0,count,9.99,$0.33 / un.,0.33,1unit,False,,,,,,,dairy,eggs,large_eggs,shell,,1unit,0.333,,,$9.99 ea.,,
2026-09-20,eggs,Metro Canada,"Large Eggs, Prestige",https://www.metro.ca/en/online-grocery/aisles/dairy-eggs/eggs/whole-eggs/large-eggs/p/065651000014,18 un,18.0,count,7.99,$0.44 / un.,0.44,1unit,False,,,,,,,dairy,eggs,large_eggs,shell,,1unit,0.4438888888888889,,,$7.99 ea.,,
2026-09-20,eggs,Metro Canada,"Large Omega-3 Eggs, Naturegg",https://www.metro.ca/en/online-grocery/aisles/dairy-eggs/eggs/whole-eggs/large-omega-3-eggs/p/065651003404,18 un,18.0,count,7.49,$0.42 / un.,0.42,1unit,False,sale,7.49,8.49,,,,dairy,eggs,large_eggs,shell,omega_3,1unit,0.4161111111111111,,,$7.49 ea.,Regular price $8.49 ea.,
2026-09-20,eggs,Metro Canada,Medium Eggs,https://www.metro.ca/en/online-grocery/aisles/dairy-eggs/eggs/whole-eggs/medium-eggs/p/065651000038,12 un,12.0,count,3.99,$0.33 / un.,0.33,1unit,False,,,,,,,dairy,eggs,medium_eggs,shell,,1unit,0.3325,,,$3.99 ea.,,
2026-09-20,eggs,Metro Canada,Large Eggs,https://www.metro.ca/en/online-grocery/aisles/dairy-eggs/eggs/whole-eggs/large-eggs/p/065651000168,6 un,6.0,count,3.49,$0.58 / un.,0.58,1unit,False,,,,,,,dairy,eggs,large_eggs,shell,,1unit,0.5816666666666667,,,$3.49 ea.,,
2026-09-20,eggs,Metro Canada,"Large Eggs, Nestlaid",https://www.metro.ca/en/online-grocery/aisles/dairy-eggs/eggs/whole-eggs/large-eggs/p/065651005590,12 un,12.0,count,5.49,$0.46 / un.,0.46,1unit,False,sale,5.49,6.19,,,,dairy,eggs,large_eggs,shell,,1unit,0.4575,,,$5.49 ea.,Regular price $6.19 ea.,
2026-09-20,eggs,Metro Canada,"Large Eggs, Naturegg",https://www.metro.ca/en/online-grocery/aisles/dairy-eggs/eggs/whole-eggs/large-eggs/p/065651000229,12 un,12.0,count,5.79,$0.48 / un.,0.48,1unit,False,sale,5.79,6.29,,,,dairy,eggs,large_eggs,shell,,1unit,0.4825,,,$5.79 ea.,Regular price $6.29 ea.,
2026-09-20,eggs,Metro Canada,Extra Large Eggs,https://www.metro.ca/en/online-grocery/aisles/dairy-eggs/eggs/whole-eggs/extra-large-eggs/p/059749896061,12 un,12.0,count,4.99,$0.42 / un.,0.42,1unit,False,,,,,,,dairy,eggs,extra_large_eggs,shell,,1unit,0.41583333333333333,,,$4.99 ea.,,
2026-09-20,eggs,Metro Canada,"Large Organic Brown Eggs, Free-Range",https://www.metro.ca/en/online-grocery/aisles/dairy-eggs/eggs/whole-eggs/large-organic-brown-eggs/p/059749976817,12 un,12.0,count,7.99,$0.67 / un.,0.67,1unit,False,,,,,,,dairy,eggs,large_eggs,shell,organic|free_range,1unit,0.6658333333333334,,,$7.99 ea.,,
2026-09-20,eggs,Metro Canada,Large Brown Eggs,https://www.metro.ca/en/online-grocery/aisles/dairy-eggs/eggs/whole-eggs/large-brown-eggs/p/065651000120,12 un,12.0,count,6.49,$0.54 / un.,0.54,1unit,False,,,,,,,dairy,eggs,large_eggs,shell,,1unit,0.5408333333333334,,,$6.49 ea.,,
2026-09-20,apples,Metro Canada,"Apples, Paula Red",https://www.metro.ca/en/online-grocery/aisles/fruits-vegetables/fruits/apples-pears/apples/p/033383443201,3 lb,3.0,lb,5.99,$0.44 /100 g,0.44,100g,False,,,,,,,produce,apples,fresh_apples,bagged,,100g,0.44018965016247225,,,$5.99 ea.,,
2026-09-20,apples,Metro Canada,"Bag of Apples, Royal Gala",https://www.metro.ca/en/online-grocery/aisles/fruits-vegetables/fruits/apples-pears/bag-of-apples/p/033383007410,3 lb,3.0,lb,5.99,$0.44 /100 g,0.44,100g,False,,,,,,,produce,apples,fresh_apples,bagged,,100g,0.44018965016247225,,,$5.99 ea.,,
2026-09-20,apples,Metro Canada,"Apple, Gala",https://www.metro.ca/en/online-grocery/aisles/fruits-vegetables/fruits/apples-pears/apple/p/4173,Sold individually,,,0.68,$4.39 / kg $1.99 / lb.,4.39,kg,True,sale,0.68,6.59,,,,produce,apples,fresh_apples,loose,,100g,0.439,,,$0.68 avg. ea.,Regular price $6.59 / kg $2.99 / lb.,kg
2026-09-20,apples,Metro Canada,"Apple, Honeycrisp",https://www.metro.ca/en/online-grocery/aisles/fruits-vegetables/fruits/apples-pears/apple/p/3283,Sold individually,,,1.41,$8.80 / kg $3.99 / lb.,8.8,kg,True,,,,,,,produce,apples,fresh_apples,loose,,100g,0.88,,,$1.41 avg. ea.,,
2026-09-20,apples,Metro Canada,"Apple, Cosmic Crisp",https://www.metro.ca/en/online-grocery/aisles/fruits-vegetables/fruits/apples-pears/apple/p/3507,Sold individually,,,1.73,$7.69 / kg $3.49 / lb.,7.69,kg,True,,,,,,,produce,apples,fresh_apples,loose,,100g,0.769,,,$1.73 avg. ea.,,
2026-09-20,apples,Metro Canada,"Apple, McIntosh",https://www.metro.ca/en/online-grocery/aisles/fruits-vegetables/fruits/apples-pears/apple/p/4152,Sold individually,,,0.75,$4.39 / kg $1.99 / lb.,4.39,kg,True,sale,0.75,6.59,,,,produce,apples,fresh_apples,loose,,100g,0.439,,,$0.75 avg. ea.,Regular price $6.59 / kg $2.99 / lb.,kg
2026-09-20,apples,Metro Canada,"Apple, Granny Smith",https://www.metro.ca/en/online-grocery/aisles/fruits-vegetables/fruits/apples-pears/apple/p/4139,Sold individually,,,1.22,$6.59 / kg $2.99 / lb.,6.59,kg,True,,,,,,,produce,apples,fresh_apples,loose,,100g,0.6589999999999999,,,$1.22 avg. ea.,,
2026-09-20,apples,Metro Canada,"Bag of Apples, Ginger Gold",https://www.metro.ca/en/online-grocery/aisles/fruits-vegetables/fruits/apples-pears/bag-of-apples/p/033383098159,3 lb,3.0,lb,5.99,$0.44 /100 g,0.44,100g,False,,,,,,,produce,apples,fresh_apples,bagged,,100g,0.44018965016247225,,,$5.99 ea.,,
2026-09-20,apples,Metro Canada,"Apple, Empire",https://www.metro.ca/en/online-grocery/aisles/fruits-vegetables/fruits/apples-pears/apple/p/4124,Sold individually,,,0.93,$5.49 / kg $2.49 / lb.,5.49,kg,True,,,,,,,produce,apples,fresh_apples,loose,,100g,0.549,,,$0.93 avg. ea.,,
2026-09-20,apples,Metro Canada,"Apple, Mutsu",https://www.metro.ca/en/online-grocery/aisles/fruits-vegetables/fruits/apples-pears/apple/p/4108,Sold individually,,,1.1,$5.49 / kg $2.49 / lb.,5.49,kg,True,,,,,,,produce,apples,fresh_apples,loose,,100g,0.549,,,$1.10 avg. ea.,,
2026-09-20,apples,Metro Canada,"Apple, Pink Cripps",https://www.metro.ca/en/online-grocery/aisles/fruits-vegetables/fruits/apples-pears/apple/p/4128,,,,1.29,$6.59 / kg $2.99 / lb.,6.59,kg,True,,,,,,,produce,apples,fresh_apples,loose,,100g,0.6589999999999999,,,$1.29 avg. ea.,,
2026-09-20,apples,Metro Canada,"Apple, Red Delicious",https://www.metro.ca/en/online-grocery/aisles/fruits-vegetables/fruits/apples-pears/apple/p/4015,Sold individually,,,1.25,$6.59 / kg $2.99 / lb.,6.59,kg,True,,,,,,,produce,apples,fresh_apples,loose,,100g,0.6589999999999999,,,$1.25 avg. ea.,,
2026-09-20,bananas,Metro Canada,Organic Banana,https://www.metro.ca/en/online-grocery/aisles/fruits-vegetables/fruits/bananas-plantains/organic-banana/p/94011,,,,0.5,$2.62 / kg $1.19 / lb.,2.62,kg,True,,,,,,,produce,bananas,fresh_bananas,loose,organic,100g,0.262,,,$0.50 avg. ea.,,
2026-09-20,bananas,Metro Canada,Miniature banana,https://www.metro.ca/en/online-grocery/aisles/fruits-vegetables/fruits/bananas-plantains/miniature-banana/p/4234,Sold individually,,,0.28,$5.05 / kg $2.29 / lb.,5.05,kg,True,,,,,,,produce,bananas,fresh_bananas,loose,,100g,0.505,,,$0.28 avg. ea.,,
2026-09-20,bananas,Metro Canada,Frozen Strawberries and Bananas,https://www.metro.ca/en/online-grocery/aisles/frozen/fruit-vegetables/fruit/frozen-strawberries-and-bananas/p/059749983983,600 g,600.0,g,5.99,$1.00 /100 g,1.0,100g,False,sale,5.99,6.49,,,,unknown,unknown,unsupported,unknown,,100g,0.9983333333333334,,,$5.99 ea.,Regular price $6.49 ea.,
2026-09-20,bananas,Metro Canada,2% Banana Greek Yogurt,https://www.metro.ca/en/online-grocery/aisles/dairy-eggs/yogurt/greek-yogurts/2-banana-greek-yogurt/p/056800186246,4x100 g,400.0,g,,$0.92 /100 g,0.92,100g,False,multi-buy,3.66,,3.0,3.66,,unknown,unknown,unsupported,unknown,,100g,,,Multi-buy listing has no explicit single-item price; unconditional price cannot be normalized.,3 / $10.98,,
2026-09-20,bananas,Metro Canada,Thai Banana,https://www.metro.ca/en/online-grocery/aisles/fruits-vegetables/vegetables/exotic-vegetables/thai-banana/p/4238,,,,3.73,$3.73 / kg $1.69 / lb.,3.73,kg,True,,,,,,,produce,bananas,fresh_bananas,loose,,100g,0.373,,,$3.73 avg. ea.,,
2026-09-20,bananas,Metro Canada,2% Banana Skyr Yogurt,https://www.metro.ca/en/online-grocery/aisles/dairy-eggs/yogurt/yogurt-tubs/2-banana-skyr-yogurt/p/068200325026,650 g,650.0,g,6.49,$1.00 /100 g,1.0,100g,False,sale,6.49,8.99,,,,unknown,unknown,unsupported,unknown,,100g,0.9984615384615385,,,$6.49 ea.,Regular price $8.99 ea.,
2026-09-20,bananas,Metro Canada,"Baby Cereals, Rice & Banana, Stage 2",https://www.metro.ca/en/online-grocery/aisles/baby/food-formula/cereal/baby-cereals-rice-banana/p/065000138122,227 g,227.0,g,6.49,$0.03 / g,0.03,g,False,,,,,,,unknown,unknown,unsupported,unknown,,100g,2.859030837004405,,,$6.49 ea.,,
2026-09-20,bananas,Metro Canada,"Oat Banana Mango Baby Cereal, Stage 3",https://www.metro.ca/en/online-grocery/aisles/baby/food-formula/cereal/oat-banana-mango-baby-cereal/p/065000133615,227 g,227.0,g,6.49,$2.86 /100 g,2.86,100g,False,,,,,,,unknown,unknown,unsupported,unknown,,100g,2.859030837004405,,,$6.49 ea.,,
2026-09-20,bananas,Metro Canada,Strawberry and Banana Flavoured Smoothie,https://www.metro.ca/en/online-grocery/aisles/beverages/juices-drinks/smoothies-nectars/strawberry-and-banana-flavoured-smoothie/p/071464270605,946 mL,946.0,ml,5.99,$0.63 /100 ml,0.63,100ml,False,sale,5.99,7.49,,,,unknown,unknown,unsupported,unknown,,1L,6.331923890063425,,,$5.99 ea.,Regular price $7.49 ea.,
2026-09-20,bananas,Metro Canada,Chocolate-Banana Soft Baked Mini Cookies,https://www.metro.ca/en/online-grocery/aisles/snacks/sweet-snacks-candy/cookies-cakes/chocolate-banana-soft-baked-mini-cookies/p/687456283111,5x24 g - 120 g,120.0,g,3.99,$3.32 /100 g,3.32,100g,False,sale,3.99,4.99,,,,unknown,unknown,unsupported,unknown,,100g,3.325,,,$3.99 ea.,Regular price $4.99 ea.,
2026-09-20,bananas,Metro Canada,"Banana Ice Cream with Fudge Chunks and Walnuts, Chunky Monkey",https://www.metro.ca/en/online-grocery/aisles/frozen/ice-cream-treats/ice-cream/banana-ice-cream-with-fudge-chunks-and-walnuts/p/058779144524,473 mL,473.0,ml,5.99,$1.27 /100 ml,1.27,100ml,False,sale,5.99,7.49,,,,unknown,unknown,unsupported,unknown,,1L,12.66384778012685,,,$5.99 ea. +tx,Regular price $7.49 ea.,
2026-09-20,bananas,Metro Canada,"Multigrain, Yogurt, Apple, Pear and Banana Baby Cereal, 8+ Months",https://www.metro.ca/en/online-grocery/aisles/baby/food-formula/cereal/multigrain-yogurt-apple-pear-and-banana-baby-cereal/p/065000684452,227 g,227.0,g,6.49,$2.86 /100 g,2.86,100g,False,,,,,,,unknown,unknown,unsupported,unknown,,100g,2.859030837004405,,,$6.49 ea.,,
2026-09-20,pasta,Metro Canada,Fusilli Pasta,https://www.metro.ca/en/online-grocery/aisles/pantry/pasta-rice-beans/pasta/fusilli-pasta/p/059749893152,900 g,900.0,g,2.29,$0.25 /100 g,0.25,100g,False,,,,,,,pantry,pasta,dry_pasta,dry,,100g,0.2544444444444445,,,$2.29 ea.,,
2026-09-20,pasta,Metro Canada,Farfalle Pasta,https://www.metro.ca/en/online-grocery/aisles/pantry/pasta-rice-beans/pasta/farfalle-pasta/p/076808011128,410 g,410.0,g,2.49,$0.61 /100 g,0.61,100g,False,sale,2.49,2.99,,,,pantry,pasta,dry_pasta,dry,,100g,0.6073170731707317,,,$2.49 ea.,Regular price $2.99 ea.,
2026-09-20,pasta,Metro Canada,Fusilli Pasta,https://www.metro.ca/en/online-grocery/aisles/pantry/pasta-rice-beans/pasta/fusilli-pasta/p/055900001244,900 g,900.0,g,3.49,$0.39 /100 g,0.39,100g,False,,,,,,,pantry,pasta,dry_pasta,dry,,100g,0.38777777777777783,,,$3.49 ea.,,
2026-09-20,pasta,Metro Canada,Rigatoni Pasta,https://www.metro.ca/en/online-grocery/aisles/pantry/pasta-rice-beans/pasta/rigatoni-pasta/p/076808011111,410 g,410.0,g,2.49,$0.61 /100 g,0.61,100g,False,sale,2.49,2.99,,,,pantry,pasta,dry_pasta,dry,,100g,0.6073170731707317,,,$2.49 ea.,Regular price $2.99 ea.,
2026-09-20,pasta,Metro Canada,Spaghetti Pasta,https://www.metro.ca/en/online-grocery/aisles/pantry/pasta-rice-beans/pasta/spaghetti-pasta/p/055900001022,900 g,900.0,g,3.49,$0.39 /100 g,0.39,100g,False,,,,,,,pantry,pasta,dry_pasta,dry,,100g,0.38777777777777783,,,$3.49 ea.,,
2026-09-20,pasta,Metro Canada,Spaghetti Pasta,https://www.metro.ca/en/online-grocery/aisles/pantry/pasta-rice-beans/pasta/spaghetti-pasta/p/076808011012,410 g,410.0,g,2.49,$0.61 /100 g,0.61,100g,False,sale,2.49,2.99,,,,pantry,pasta,dry_pasta,dry,,100g,0.6073170731707317,,,$2.49 ea.,Regular price $2.99 ea.,
2026-09-20,pasta,Metro Canada,Rotini Pasta,https://www.metro.ca/en/online-grocery/aisles/pantry/pasta-rice-beans/pasta/rotini-pasta/p/059749893138,900 g,900.0,g,2.29,$0.25 /100 g,0.25,100g,False,,,,,,,pantry,pasta,dry_pasta,dry,,100g,0.2544444444444445,,,$2.29 ea.,,
2026-09-20,pasta,Metro Canada,Farfalle Pasta,https://www.metro.ca/en/online-grocery/aisles/pantry/pasta-rice-beans/pasta/farfalle-pasta/p/779921000665,450 g,450.0,g,3.49,$0.78 /100 g,0.78,100g,False,,,,,,,pantry,pasta,dry_pasta,dry,,100g,0.7755555555555557,,,$3.49 ea.,,
2026-09-20,pasta,Metro Canada,Penne Pasta,https://www.metro.ca/en/online-grocery/aisles/pantry/pasta-rice-beans/pasta/penne-pasta/p/059749969758,900 g,900.0,g,2.29,$0.25 /100 g,0.25,100g,False,,,,,,,pantry,pasta,dry_pasta,dry,,100g,0.2544444444444445,,,$2.29 ea.,,
2026-09-20,pasta,Metro Canada,Rigatoni Pasta,https://www.metro.ca/en/online-grocery/aisles/pantry/pasta-rice-beans/pasta/rigatoni-pasta/p/055900001350,900 g,900.0,g,3.49,$0.39 /100 g,0.39,100g,False,,,,,,,pantry,pasta,dry_pasta,dry,,100g,0.38777777777777783,,,$3.49 ea.,,
2026-09-20,pasta,Metro Canada,Cavatappi Pasta,https://www.metro.ca/en/online-grocery/aisles/pantry/pasta-rice-beans/pasta/cavatappi-pasta/p/059749893145,900 g,900.0,g,2.29,$0.25 /100 g,0.25,100g,False,,,,,,,pantry,pasta,dry_pasta,dry,,100g,0.2544444444444445,,,$2.29 ea.,,
2026-09-20,pasta,Metro Canada,Elbow Macaroni Pasta,https://www.metro.ca/en/online-grocery/aisles/pantry/pasta-rice-beans/pasta/elbow-macaroni-pasta/p/059749893169,900 g,900.0,g,2.29,$0.25 /100 g,0.25,100g,False,,,,,,,pantry,pasta,dry_pasta,dry,,100g,0.2544444444444445,,,$2.29 ea.,,
2026-09-20,bread,Metro Canada,White Sliced Bread,https://www.metro.ca/en/online-grocery/aisles/bread-bakery-products/packaged-bread/white/white-sliced-bread/p/068721002222,675 g,675.0,g,3.99,or $3.99 ea. $0.52 /100 g,0.52,100g,False,multi-buy,3.5,4.29,2.0,3.5,3.99,bakery,bread,sliced_bread,sliced_loaf,,100g,0.5911111111111111,,,2 / $7.00,Regular price $4.29 ea.,
2026-09-20,bread,Metro Canada,Sliced Sourdough Bread,https://www.metro.ca/en/online-grocery/aisles/bread-bakery-products/tortillas-flat-breads/flat-bread-naan/sliced-sourdough-bread/p/029145684623,475 g,475.0,g,4.49,$0.95 /100 g,0.95,100g,False,,,,,,,bakery,bread,sliced_bread,sliced_loaf,,100g,0.9452631578947369,,,$4.49 ea.,,
2026-09-20,bread,Metro Canada,"Italian-Style Thick Sliced White Bread, Classico",https://www.metro.ca/en/online-grocery/aisles/bread-bakery-products/packaged-bread/white/italian-style-thick-sliced-white-bread/p/068721003502,675 g,675.0,g,2.88,$0.43 /100 g,0.43,100g,False,sale,2.88,4.29,,,,bakery,bread,sliced_bread,sliced_loaf,,100g,0.4266666666666667,,,$2.88 ea.,Regular price $4.29 ea.,
2026-09-20,bread,Metro Canada,Sliced White Bread,https://www.metro.ca/en/online-grocery/aisles/bread-bakery-products/packaged-bread/white/sliced-white-bread/p/059749916370,675 g,675.0,g,2.48,$0.37 /100 g,0.37,100g,False,,,,,,,bakery,bread,sliced_bread,sliced_loaf,,100g,0.3674074074074074,,,$2.48 ea.,,
2026-09-20,bread,Metro Canada,Garlic Bread Loaf,https://www.metro.ca/en/online-grocery/aisles/bread-bakery-products/freshly-baked-bread-baguettes/fresh-loaves-breads/garlic-bread-loaf/p/247025,468 g,468.0,g,4.69,$1.00 /100 g,1.0,100g,False,,,,,,,unknown,unknown,unsupported,unknown,,100g,1.0021367521367521,,,$4.69 ea.,,
2026-09-20,bread,Metro Canada,Asiago Cheese Bread Loaf,https://www.metro.ca/en/online-grocery/aisles/bread-bakery-products/freshly-baked-bread-baguettes/fresh-loaves-breads/asiago-cheese-bread-loaf/p/247026,454 g,454.0,g,4.69,$1.03 /100 g,1.03,100g,False,,,,,,,bakery,bread,artisan_bread,loaf,,100g,1.0330396475770927,,,$4.69 ea.,,
2026-09-20,bread,Metro Canada,Whole Grain 12-Grain Sliced Bread,https://www.metro.ca/en/online-grocery/aisles/bread-bakery-products/packaged-bread/whole-wheat-grain/whole-grain-12-grain-sliced-bread/p/068721722342,600 g,600.0,g,3.99,or $3.99 ea. $0.58 /100 g,0.58,100g,False,multi-buy,3.5,4.79,2.0,3.5,3.99,bakery,bread,sliced_bread,sliced_loaf,whole_wheat,100g,0.665,,,2 / $7.00,Regular price $4.79 ea.,
2026-09-20,bread,Metro Canada,Everything Loaf Bread Made with Whole Grains,https://www.metro.ca/en/online-grocery/aisles/bread-bakery-products/packaged-bread/artisan-specialty/everything-loaf-bread-made-with-whole-grains/p/060885000489,600 g,600.0,g,4.99,$0.83 /100 g,0.83,100g,False,,,,,,,bakery,bread,sliced_bread,sliced_loaf,whole_wheat,100g,0.8316666666666667,,,$4.99 ea.,,
2026-09-20,bread,Metro Canada,Flax & Quinoa Loaf Bread With 100% Whole Grain,https://www.metro.ca/en/online-grocery/aisles/bread-bakery-products/packaged-bread/artisan-specialty/flax-quinoa-loaf-bread-with-100-whole-grain/p/060885000472,600 g,600.0,g,4.99,$0.83 /100 g,0.83,100g,False,,,,,,,bakery,bread,sliced_bread,sliced_loaf,whole_wheat,100g,0.8316666666666667,,,$4.99 ea.,,
2026-09-20,bread,Metro Canada,Whole Wheat Sliced Bread,https://www.metro.ca/en/online-grocery/aisles/bread-bakery-products/packaged-bread/whole-wheat-grain/whole-wheat-sliced-bread/p/068721002512,675 g,675.0,g,3.99,or $3.99 ea. $0.52 /100 g,0.52,100g,False,multi-buy,3.5,4.29,2.0,3.5,3.99,bakery,bread,sliced_bread,sliced_loaf,whole_wheat,100g,0.5911111111111111,,,2 / $7.00,Regular price $4.29 ea.,
2026-09-20,bread,Metro Canada,"Sourdough Bread, Rustico",https://www.metro.ca/en/online-grocery/aisles/bread-bakery-products/freshly-baked-bread-baguettes/rye-other-grains/sourdough-bread/p/055617551254,550 g,550.0,g,2.88,$0.52 /100 g,0.52,100g,False,sale,2.88,4.29,,,,bakery,bread,sliced_bread,sliced_loaf,,100g,0.5236363636363637,,,$2.88 ea.,Regular price $4.29 ea.,
2026-09-20,bread,Metro Canada,Naan Bread,https://www.metro.ca/en/online-grocery/aisles/bread-bakery-products/tortillas-flat-breads/flat-bread-naan/naan-bread/p/059749900898,2x120 g,240.0,g,3.29,$1.37 /100 g,1.37,100g,False,,,,,,,unknown,unknown,unsupported,unknown,,100g,1.3708333333333333,,,$3.29 ea.,,
2026-09-20,cheese,Metro Canada,Mild Marbled Cheddar Cheese,https://www.metro.ca/en/online-grocery/aisles/dairy-eggs/packaged-cheese/cheese-blocks/mild-marbled-cheddar-cheese/p/059749969437,400 g,400.0,g,4.99,$1.25 /100 g,1.25,100g,False,sale,4.99,5.99,,,,dairy,cheese,cheddar_cheese,unspecified,,100g,1.2475,,,$4.99 ea.,Regular price $5.99 ea.,
2026-09-20,cheese,Metro Canada,Marble Cheddar Cheese,https://www.metro.ca/en/online-grocery/aisles/dairy-eggs/packaged-cheese/cheese-blocks/marble-cheddar-cheese/p/068200885117,400 g,400.0,g,7.99,$2.00 /100 g,2.0,100g,False,,,,,,,dairy,cheese,cheddar_cheese,unspecified,,100g,1.9975,,,$7.99 ea.,,
2026-09-20,cheese,Metro Canada,Old Cheddar Cheese,https://www.metro.ca/en/online-grocery/aisles/dairy-eggs/packaged-cheese/cheese-blocks/old-cheddar-cheese/p/059749969468,400 g,400.0,g,4.99,$1.25 /100 g,1.25,100g,False,sale,4.99,5.99,,,,dairy,cheese,cheddar_cheese,unspecified,,100g,1.2475,,,$4.99 ea.,Regular price $5.99 ea.,
2026-09-20,cheese,Metro Canada,Mozzarella Cheese,https://www.metro.ca/en/online-grocery/aisles/dairy-eggs/packaged-cheese/cheese-blocks/mozzarella-cheese/p/068200885179,400 g,400.0,g,7.99,$2.00 /100 g,2.0,100g,False,,,,,,,dairy,cheese,mozzarella_cheese,unspecified,,100g,1.9975,,,$7.99 ea.,,
2026-09-20,cheese,Metro Canada,Pizza Mozzarella Cheese,https://www.metro.ca/en/online-grocery/aisles/dairy-eggs/packaged-cheese/cheese-blocks/pizza-mozzarella-cheese/p/059749969444,400 g,400.0,g,4.99,$1.25 /100 g,1.25,100g,False,sale,4.99,5.99,,,,dairy,cheese,mozzarella_cheese,unspecified,,100g,1.2475,,,$4.99 ea.,Regular price $5.99 ea.,
2026-09-20,cheese,Metro Canada,Old Orange Cheddar Cheese,https://www.metro.ca/en/online-grocery/aisles/dairy-eggs/packaged-cheese/cheese-blocks/old-orange-cheddar-cheese/p/068200885513,400 g,400.0,g,7.99,$2.00 /100 g,2.0,100g,False,,,,,,,dairy,cheese,cheddar_cheese,unspecified,,100g,1.9975,,,$7.99 ea.,,
2026-09-20,cheese,Metro Canada,Shredded Double Cheddar Cheese Blend,https://www.metro.ca/en/online-grocery/aisles/dairy-eggs/packaged-cheese/shredded-cheese/shredded-double-cheddar-cheese-blend/p/059749949378,320 g,320.0,g,4.99,$1.56 /100 g,1.56,100g,False,sale,4.99,5.99,,,,dairy,cheese,cheddar_cheese,shredded,,100g,1.559375,,,$4.99 ea.,Regular price $5.99 ea.,
2026-09-20,cheese,Metro Canada,Medium Cheddar Cheese,https://www.metro.ca/en/online-grocery/aisles/dairy-eggs/packaged-cheese/cheese-blocks/medium-cheddar-cheese/p/068200885476,400 g,400.0,g,7.99,$2.00 /100 g,2.0,100g,False,,,,,,,dairy,cheese,cheddar_cheese,unspecified,,100g,1.9975,,,$7.99 ea.,,
2026-09-20,cheese,Metro Canada,Extra Old White Cheddar Cheese,https://www.metro.ca/en/online-grocery/aisles/dairy-eggs/packaged-cheese/cheese-blocks/extra-old-white-cheddar-cheese/p/059749942645,400 g,400.0,g,4.99,$1.25 /100 g,1.25,100g,False,sale,4.99,5.99,,,,dairy,cheese,cheddar_cheese,unspecified,,100g,1.2475,,,$4.99 ea.,Regular price $5.99 ea.,
2026-09-20,cheese,Metro Canada,Extra Old White Cheddar Cheese,https://www.metro.ca/en/online-grocery/aisles/dairy-eggs/packaged-cheese/cheese-blocks/extra-old-white-cheddar-cheese/p/068200885230,400 g,400.0,g,7.99,$2.00 /100 g,2.0,100g,False,,,,,,,dairy,cheese,cheddar_cheese,unspecified,,100g,1.9975,,,$7.99 ea.,,
2026-09-20,cheese,Metro Canada,"Shredded Three Cheese Blend, Tex Mex",https://www.metro.ca/en/online-grocery/aisles/dairy-eggs/packaged-cheese/shredded-cheese/shredded-three-cheese-blend/p/059749949330,320 g,320.0,g,4.99,$1.56 /100 g,1.56,100g,False,sale,4.99,5.99,,,,dairy,cheese,cheese_unspecified_type,shredded,,100g,1.559375,,,$4.99 ea.,Regular price $5.99 ea.,
2026-09-20,cheese,Metro Canada,Mild Marble Cheddar Cheese Slices,https://www.metro.ca/en/online-grocery/aisles/dairy-eggs/packaged-cheese/sliced-cheese/mild-marble-cheddar-cheese-slices/p/059749951227,230 g,230.0,g,4.99,$2.17 /100 g,2.17,100g,False,,,,,,,dairy,cheese,cheddar_cheese,sliced,,100g,2.1695652173913045,,,$4.99 ea.,,
